{
  "val": {
    "suicide": {
      "accuracy": 0.92,
      "precision": 0.8974358974358975,
      "recall": 0.9459459459459459,
      "f1": 0.9210526315789473,
      "auroc": 0.9708392603129445
    },
    "toxicity": {
      "accuracy": 1.0,
      "precision": 0.0,
      "recall": 0.0,
      "f1": 0.0,
      "auroc": NaN
    },
    "avg_f1": 0.4605263157894737
  },
  "test": {
    "suicide": {
      "accuracy": 0.9205298013245033,
      "precision": 0.918918918918919,
      "recall": 0.918918918918919,
      "f1": 0.918918918918919,
      "auroc": 0.9675324675324676
    },
    "toxicity": {
      "accuracy": 1.0,
      "precision": 0.0,
      "recall": 0.0,
      "f1": 0.0,
      "auroc": NaN
    },
    "avg_f1": 0.4594594594594595
  }
}